<odoo>
    <data noupdate="1">
        <record id="project_stage_0" model="project.project.stage">
            <field name="name">项目储备</field>
            <field name="sequence">0</field>
        </record>
        <record id="project_stage_1" model="project.project.stage">
            <field name="name">前期阶段</field>
            <field name="sequence">1</field>
        </record>
        <record id="project_stage_2" model="project.project.stage">
            <field name="name">设计阶段</field>
            <field name="sequence">2</field>
        </record>
        <record id="project_stage_3" model="project.project.stage">
            <field name="name">征收、排迁阶段</field>
            <field name="sequence">3</field>
        </record>
        <record id="project_stage_4" model="project.project.stage">
            <field name="name">招投标合同阶段</field>
            <field name="sequence">4</field>
        </record>
        <record id="project_stage_5" model="project.project.stage">
            <field name="name">施工阶段</field>
            <field name="sequence">5</field>
        </record>
        <record id="project_stage_6" model="project.project.stage">
            <field name="name">结算阶段</field>
            <field name="sequence">6</field>
        </record>
        <record id="project_stage_7" model="project.project.stage">
            <field name="name">后期管理</field>
            <field name="sequence">7</field>
        </record>
    </data>
</odoo>
