<odoo>
    <data noupdate="1">
        <record id="task_template_1" model="project.task.template">
            <field name="name">项目建议书及批复</field>
            <field name="description"/>
            <field name="stage_id" ref="project_stage_1"/>
            <field name="sequence">1</field>
        </record>
        <record id="task_template_2" model="project.task.template">
            <field name="name">建设任务通知书</field>
            <field name="description"/>
            <field name="stage_id" ref="project_stage_1"/>
            <field name="sequence">2</field>
        </record>
        <record id="task_template_3" model="project.task.template">
            <field name="name">可行性研究报告及批复</field>
            <field name="description"/>
            <field name="stage_id" ref="project_stage_1"/>
            <field name="sequence">3</field>
        </record>
        <record id="task_template_4" model="project.task.template">
            <field name="name">建设用地批准书</field>
            <field name="description"/>
            <field name="stage_id" ref="project_stage_1"/>
            <field name="sequence">4</field>
        </record>
        <record id="task_template_5" model="project.task.template">
            <field name="name">建设用地规划设计条件</field>
            <field name="description"/>
            <field name="stage_id" ref="project_stage_1"/>
            <field name="sequence">5</field>
        </record>
        <record id="task_template_6" model="project.task.template">
            <field name="name">规划红线图（批准图纸）</field>
            <field name="description"/>
            <field name="stage_id" ref="project_stage_1"/>
            <field name="sequence">6</field>
        </record>
        <record id="task_template_7" model="project.task.template">
            <field name="name">建设用地征地、拆迁文件</field>
            <field name="description"/>
            <field name="stage_id" ref="project_stage_1"/>
            <field name="sequence">7</field>
        </record>
        <record id="task_template_8" model="project.task.template">
            <field name="name">其他文件资料</field>
            <field name="description"/>
            <field name="stage_id" ref="project_stage_1"/>
            <field name="sequence">8</field>
        </record>
        <record id="task_template_9" model="project.task.template">
            <field name="name">建设工程规划许可证</field>
            <field name="description"/>
            <field name="stage_id" ref="project_stage_1"/>
            <field name="sequence">9</field>
        </record>
        <record id="task_template_10" model="project.task.template">
            <field name="name">固定资产投资项目节能审查</field>
            <field name="description"/>
            <field name="stage_id" ref="project_stage_1"/>
            <field name="sequence">10</field>
        </record>
        <record id="task_template_11" model="project.task.template">
            <field name="name">征地批复</field>
            <field name="description"/>
            <field name="stage_id" ref="project_stage_1"/>
            <field name="sequence">11</field>
        </record>
        <record id="task_template_12" model="project.task.template">
            <field name="name">拨款决定书</field>
            <field name="description"/>
            <field name="stage_id" ref="project_stage_1"/>
            <field name="sequence">12</field>
        </record>
        <record id="task_template_13" model="project.task.template">
            <field name="name">环境影响报告及批复</field>
            <field name="description"/>
            <field name="stage_id" ref="project_stage_1"/>
            <field name="sequence">13</field>
        </record>
        <record id="task_template_14" model="project.task.template">
            <field name="name">施工许可证</field>
            <field name="description"/>
            <field name="stage_id" ref="project_stage_1"/>
            <field name="sequence">14</field>
        </record>
         <record id="task_template_15" model="project.task.template">
            <field name="name">规划方案批准（批准图纸）</field>
            <field name="description"/>
            <field name="stage_id" ref="project_stage_2"/>
            <field name="sequence">15</field>
        </record>
        <record id="task_template_16" model="project.task.template">
            <field name="name">初步设计文件批复（概算）</field>
            <field name="description"/>
            <field name="stage_id" ref="project_stage_2"/>
            <field name="sequence">16</field>
        </record>
        <record id="task_template_17" model="project.task.template">
            <field name="name">总平面图及施工图（规划部门批准）</field>
            <field name="description"/>
            <field name="stage_id" ref="project_stage_2"/>
            <field name="sequence">17</field>
        </record>
        <record id="task_template_18" model="project.task.template">
            <field name="name">建筑设计防火审查意见书</field>
            <field name="description"/>
            <field name="stage_id" ref="project_stage_2"/>
            <field name="sequence">18</field>
        </record>
        <record id="task_template_19" model="project.task.template">
            <field name="name">建筑工程防范地下室审批表</field>
            <field name="description"/>
            <field name="stage_id" ref="project_stage_2"/>
            <field name="sequence">19</field>
        </record>
        <record id="task_template_20" model="project.task.template">
            <field name="name">防雷设施审核意见书</field>
            <field name="description"/>
            <field name="stage_id" ref="project_stage_2"/>
            <field name="sequence">20</field>
        </record>
        <record id="task_template_21" model="project.task.template">
            <field name="name">涉外建设项目国家安全事项审查意见表</field>
            <field name="description"/>
            <field name="stage_id" ref="project_stage_2"/>
            <field name="sequence">21</field>
        </record>
        <record id="task_template_22" model="project.task.template">
            <field name="name">设计卫生审查认可书</field>
            <field name="description"/>
            <field name="stage_id" ref="project_stage_2"/>
            <field name="sequence">22</field>
        </record>
        <record id="task_template_23" model="project.task.template">
            <field name="name">客户供电方案审批表</field>
            <field name="description"/>
            <field name="stage_id" ref="project_stage_2"/>
            <field name="sequence">23</field>
        </record>
        <record id="task_template_24" model="project.task.template">
            <field name="name">燃气报表及批复</field>
            <field name="description"/>
            <field name="stage_id" ref="project_stage_2"/>
            <field name="sequence">24</field>
        </record>
        <record id="task_template_25" model="project.task.template">
            <field name="name">建设工程规划许可证</field>
            <field name="description"/>
            <field name="stage_id" ref="project_stage_2"/>
            <field name="sequence">25</field>
        </record>
        <record id="task_template_26" model="project.task.template">
            <field name="name">工程勘察地质报告</field>
            <field name="description"/>
            <field name="stage_id" ref="project_stage_2"/>
            <field name="sequence">26</field>
        </record>
        <record id="task_template_27" model="project.task.template">
            <field name="name">施工图设计文件审查意见表</field>
            <field name="description"/>
            <field name="stage_id" ref="project_stage_2"/>
            <field name="sequence">27</field>
        </record>
        <record id="task_template_28" model="project.task.template">
            <field name="name">施工图</field>
            <field name="description"/>
            <field name="stage_id" ref="project_stage_2"/>
            <field name="sequence">28</field>
        </record>
        <record id="task_template_29" model="project.task.template">
            <field name="name">项目预算书</field>
            <field name="description"/>
            <field name="stage_id" ref="project_stage_2"/>
            <field name="sequence">29</field>
        </record>
        <record id="task_template_30" model="project.task.template">
            <field name="name">年度建设计划</field>
            <field name="description"/>
            <field name="stage_id" ref="project_stage_2"/>
            <field name="sequence">30</field>
        </record>
        <record id="task_template_31" model="project.task.template">
            <field name="name">招标项目核准表</field>
            <field name="description"/>
            <field name="stage_id" ref="project_stage_2"/>
            <field name="sequence">31</field>
        </record>
        <record id="task_template_32" model="project.task.template">
            <field name="name">其他文件资料</field>
            <field name="description"/>
            <field name="stage_id" ref="project_stage_2"/>
            <field name="sequence">32</field>
        </record>
         <record id="task_template_33" model="project.task.template">
            <field name="name">拆迁图</field>
            <field name="description"/>
            <field name="stage_id" ref="project_stage_3"/>
            <field name="sequence">33</field>
        </record>
        <record id="task_template_34" model="project.task.template">
            <field name="name">排迁图</field>
            <field name="description"/>
            <field name="stage_id" ref="project_stage_3"/>
            <field name="sequence">34</field>
        </record>
        <record id="task_template_35" model="project.task.template">
            <field name="name">排迁联系人</field>
            <field name="description"/>
            <field name="stage_id" ref="project_stage_3"/>
            <field name="sequence">35</field>
        </record>
        <record id="task_template_36" model="project.task.template">
            <field name="name">委托函</field>
            <field name="description"/>
            <field name="stage_id" ref="project_stage_3"/>
            <field name="sequence">36</field>
        </record>
        <record id="task_template_37" model="project.task.template">
            <field name="name">预算送审单</field>
            <field name="description"/>
            <field name="stage_id" ref="project_stage_3"/>
            <field name="sequence">37</field>
        </record>
        <record id="task_template_38" model="project.task.template">
            <field name="name">预算审定表</field>
            <field name="description"/>
            <field name="stage_id" ref="project_stage_3"/>
            <field name="sequence">38</field>
        </record>
        <record id="task_template_39" model="project.task.template">
            <field name="name">其他文件资料</field>
            <field name="description"/>
            <field name="stage_id" ref="project_stage_3"/>
            <field name="sequence">39</field>
        </record>
        <record id="task_template_40" model="project.task.template">
            <field name="name">前期合同</field>
            <field name="description"/>
            <field name="stage_id" ref="project_stage_4"/>
            <field name="sequence">40</field>
        </record>
        <record id="task_template_41" model="project.task.template">
            <field name="name">咨询合同</field>
            <field name="description"/>
            <field name="stage_id" ref="project_stage_4"/>
            <field name="sequence">41</field>
        </record>
        <record id="task_template_42" model="project.task.template">
            <field name="name">招标代理合同</field>
            <field name="description"/>
            <field name="stage_id" ref="project_stage_4"/>
            <field name="sequence">42</field>
        </record>
        <record id="task_template_43" model="project.task.template">
            <field name="name">勘察设计合同</field>
            <field name="description"/>
            <field name="stage_id" ref="project_stage_4"/>
            <field name="sequence">43</field>
        </record>
        <record id="task_template_44" model="project.task.template">
            <field name="name">拆迁（委托）合同</field>
            <field name="description"/>
            <field name="stage_id" ref="project_stage_4"/>
            <field name="sequence">44</field>
        </record>
        <record id="task_template_45" model="project.task.template">
            <field name="name">排迁合同</field>
            <field name="description"/>
            <field name="stage_id" ref="project_stage_4"/>
            <field name="sequence">45</field>
        </record>
        <record id="task_template_46" model="project.task.template">
            <field name="name">监理合同</field>
            <field name="description"/>
            <field name="stage_id" ref="project_stage_4"/>
            <field name="sequence">46</field>
        </record>
        <record id="task_template_47" model="project.task.template">
            <field name="name">施工合同</field>
            <field name="description"/>
            <field name="stage_id" ref="project_stage_4"/>
            <field name="sequence">47</field>
        </record>
        <record id="task_template_48" model="project.task.template">
            <field name="name">其他合同</field>
            <field name="description"/>
            <field name="stage_id" ref="project_stage_4"/>
            <field name="sequence">48</field>
        </record>
        <record id="task_template_49" model="project.task.template">
            <field name="name">其他文件资料</field>
            <field name="description"/>
            <field name="stage_id" ref="project_stage_4"/>
            <field name="sequence">49</field>
        </record>
          <record id="task_template_50" model="project.task.template">
            <field name="name">质量监督注册登记表</field>
            <field name="description"/>
            <field name="stage_id" ref="project_stage_5"/>
            <field name="sequence">50</field>
        </record>
        <record id="task_template_51" model="project.task.template">
            <field name="name">安全监督注册登记表</field>
            <field name="description"/>
            <field name="stage_id" ref="project_stage_5"/>
            <field name="sequence">51</field>
        </record>
        <record id="task_template_52" model="project.task.template">
            <field name="name">工程开工申报表</field>
            <field name="description"/>
            <field name="stage_id" ref="project_stage_5"/>
            <field name="sequence">52</field>
        </record>
        <record id="task_template_53" model="project.task.template">
            <field name="name">工程洽商记录</field>
            <field name="description"/>
            <field name="stage_id" ref="project_stage_5"/>
            <field name="sequence">53</field>
        </record>
        <record id="task_template_54" model="project.task.template">
            <field name="name">竣工验收报告</field>
            <field name="description"/>
            <field name="stage_id" ref="project_stage_5"/>
            <field name="sequence">54</field>
        </record>
        <record id="task_template_55" model="project.task.template">
            <field name="name">竣工图</field>
            <field name="description"/>
            <field name="stage_id" ref="project_stage_5"/>
            <field name="sequence">55</field>
        </record>
        <record id="task_template_56" model="project.task.template">
            <field name="name">其他文件资料</field>
            <field name="description"/>
            <field name="stage_id" ref="project_stage_5"/>
            <field name="sequence">56</field>
        </record>
         <record id="task_template_57" model="project.task.template">
            <field name="name">结算书</field>
            <field name="description"/>
            <field name="stage_id" ref="project_stage_6"/>
            <field name="sequence">57</field>
        </record>
        <record id="task_template_58" model="project.task.template">
            <field name="name">其他文件资料</field>
            <field name="description"/>
            <field name="stage_id" ref="project_stage_6"/>
            <field name="sequence">58</field>
        </record>
        <record id="task_template_59" model="project.task.template">
            <field name="name">工程验收</field>
            <field name="description"/>
            <field name="stage_id" ref="project_stage_7"/>
            <field name="sequence">59</field>
        </record>
        <record id="task_template_60" model="project.task.template">
            <field name="name">验收证书</field>
            <field name="description"/>
            <field name="stage_id" ref="project_stage_7"/>
            <field name="sequence">60</field>
        </record>
        <record id="task_template_61" model="project.task.template">
            <field name="name">项目总结</field>
            <field name="description"/>
            <field name="stage_id" ref="project_stage_7"/>
            <field name="sequence">61</field>
        </record>
        <record id="task_template_62" model="project.task.template">
            <field name="name">项目总结报告</field>
            <field name="description"/>
            <field name="stage_id" ref="project_stage_7"/>
            <field name="sequence">62</field>
        </record>
        <record id="task_template_63" model="project.task.template">
            <field name="name">工程移交</field>
            <field name="description"/>
            <field name="stage_id" ref="project_stage_7"/>
            <field name="sequence">63</field>
        </record>
        <record id="task_template_64" model="project.task.template">
            <field name="name">工程决算</field>
            <field name="description"/>
            <field name="stage_id" ref="project_stage_7"/>
            <field name="sequence">64</field>
        </record>
        <record id="task_template_65" model="project.task.template">
            <field name="name">工程审计</field>
            <field name="description"/>
            <field name="stage_id" ref="project_stage_7"/>
            <field name="sequence">65</field>
        </record>
        <record id="task_template_66" model="project.task.template">
            <field name="name">产权移交</field>
            <field name="description"/>
            <field name="stage_id" ref="project_stage_7"/>
            <field name="sequence">66</field>
        </record>
        <record id="task_template_67" model="project.task.template">
            <field name="name">建设、施工、监理机构及负责人名单</field>
            <field name="description"/>
            <field name="stage_id" ref="project_stage_7"/>
            <field name="sequence">67</field>
        </record>
    </data>
</odoo>
