<odoo>
    <data noupdate="1">
        <!-- Record Rule to allow all users to read task types created from templates -->
        <record id="rule_project_task_type_read_from_template" model="ir.rule">
            <field name="name">Task Type: Read From Template</field>
            <field name="model_id" ref="project.model_project_task_type"/>
            <field name="perm_read" eval="True"/>
            <field name="perm_write" eval="False"/>
            <field name="perm_create" eval="False"/>
            <field name="perm_unlink" eval="False"/>
            <field name="groups" eval="[(4, ref('base.group_user'))]"/>
        </record>

        <!-- 允许所有用户访问 project.project.stage 模型的所有记录 -->
        <record id="project_task_stage_all_access_rule" model="ir.rule">
            <field name="name">Project/Task Stage: allow all users</field>
            <field name="model_id" ref="project.model_project_project_stage"/>
            <field name="groups" eval="[(4, ref('base.group_user'))]"/>
            <field name="domain_force">[('id', '!=', False)]</field>
            <field name="perm_read" eval="1"/>
            <field name="perm_write" eval="1"/>
            <field name="perm_create" eval="1"/>
            <field name="perm_unlink" eval="1"/>
        </record>
    </data>
</odoo>
